append row,some desc,another
row1,col2,c3
append row,some desc,another
row1,col2,c3
append row,some desc,another
row1,col2,c3
append row,some desc,another
row1,col2,c3
append row,some desc,another
row1,col2,c3
append row,some desc,another
row1,col2,c3
append row,some desc,another
row1,col2,c3
append row,some desc,another
row1,col2,c3
append row,some desc,another
row1,col2,c3
append row,some desc,another
row1,col2,c3
append row,some desc,another
row1,col2,c3
append row,some desc,another
row1,col2,c3
append row,some desc,another
row1,col2,c3
append row,some desc,another
row1,col2,c3
append row,some desc,another
row1,col2,c3
append row,some desc,another
row1,col2,c3
append row,some desc,another
row1,col2,c3
